-- companies
INSERT INTO company(deleted, id, "name", address, phone, fiscalnumber, "language", active, showFullListPEI) VALUES (false, -1, 'GALP', 'Rua da Gasolina', '239888777', '123222323', 'PT', true, false);
INSERT INTO company(deleted, id, "name", address, phone, fiscalnumber, "language", active, showFullListPEI) VALUES (false, -2, 'EDP', 'Rua da Electro', '239111111', '231223123', 'EN', true, false);
INSERT INTO company(deleted, id, "name", address, phone, fiscalnumber, "language", active, showFullListPEI) VALUES (false, -3, 'BANIF', 'Rua do Banco', '333234234', '342342342', 'PT', true, false);

-- users
INSERT INTO "users"(id, deleted, "email", "name", "company_id", "password", "fiscalnumber", "externaluser", "uniquesession", "active", "sessionsactive", seenPEI, "lastplanorlegislationview", "language", "activatepassnotificationsend") VALUES (-1, false, 'haraujo@criticalsoftware.com', 'Hugo Araujo', 1, MD5('p'), 12, false, false, true, 0, false, (SELECT LOCALTIMESTAMP), 'PT', false);
INSERT INTO "users"(id, deleted, "email", "name", "company_id", "password", "fiscalnumber", "externaluser", "uniquesession", "active", "sessionsactive", seenPEI, "lastplanorlegislationview", "language", "activatepassnotificationsend") VALUES (-2, false, 'lt-rico@criticalsoftware.com', 'Luís Rico', 1, MD5('q'), 12, false, false, true, 0, false, (SELECT LOCALTIMESTAMP), 'EN', false);
INSERT INTO "users"(id, deleted, "email", "name", "company_id", "password", "fiscalnumber", "externaluser", "uniquesession", "active", "sessionsactive", seenPEI, "lastplanorlegislationview", "language", "activatepassnotificationsend") VALUES (-3, false, 'a@a.com', 'a', 1, MD5('p'), 123, false, false, true, 0, false, (SELECT LOCALTIMESTAMP), 'PT', false);
INSERT INTO "users"(id, deleted, "email", "name", "company_id", "password", "fiscalnumber", "externaluser", "uniquesession", "active", "sessionsactive", seenPEI, "lastplanorlegislationview", "language", "activatepassnotificationsend") VALUES (-4, false, 'p@a.com', 'p', 1, MD5('p'), 1234, false, false, true, 0, false, (SELECT LOCALTIMESTAMP), 'EN', false);
INSERT INTO "users"(id, deleted, "email", "name", "company_id", "password", "fiscalnumber", "externaluser", "uniquesession", "active", "sessionsactive", seenPEI, "lastplanorlegislationview", "language", "activatepassnotificationsend") VALUES (-5, false, 'b@a.com', 'b', 1, MD5('p'), 12345, false, false, true, 0, false, (SELECT LOCALTIMESTAMP), 'PT', false);
INSERT INTO "users"(id, deleted, "email", "name", "company_id", "password", "fiscalnumber", "externaluser", "uniquesession", "active", "sessionsactive", seenPEI, "lastplanorlegislationview", "language", "activatepassnotificationsend") VALUES (-10, false, 'c@a.com', 'c', 1, MD5('p'), 12345, false, false, true, 0, false, (SELECT LOCALTIMESTAMP), 'EN', false);
INSERT INTO "users"(id, deleted, "email", "name", "company_id", "password", "fiscalnumber", "externaluser", "uniquesession", "active", "sessionsactive", seenPEI, "lastplanorlegislationview", "language", "activatepassnotificationsend") VALUES (-7, false, 'ccm', 'client contract manager', -1, MD5('p'), 1234567, false, false, true, 0, false, (SELECT LOCALTIMESTAMP), 'EN', false);
INSERT INTO "users"(id, deleted, "email", "name", "company_id", "password", "fiscalnumber", "externaluser", "uniquesession", "active", "sessionsactive", seenPEI, "lastplanorlegislationview", "language", "activatepassnotificationsend") VALUES (-8, false, 'cuser', 'client user', -1, MD5('p'), 1234567, false, false, true, 0, false, (SELECT LOCALTIMESTAMP), 'EN', false);
INSERT INTO "users"(id, deleted, "email", "name", "company_id", "password", "fiscalnumber", "externaluser", "uniquesession", "active", "sessionsactive", seenPEI, "lastplanorlegislationview", "language", "activatepassnotificationsend") VALUES (-9, false, 'invited', 'invited', -1, MD5('invited'), 1234567, false, false, true, 0, false, (SELECT LOCALTIMESTAMP), 'EN', false);

-- person_role
INSERT INTO users_role(users_id, roles_role) VALUES (-1, 'user');
INSERT INTO users_role(users_id, roles_role) VALUES (-1, 'legislationmanager');
INSERT INTO users_role(users_id, roles_role) VALUES (-2, 'legislationmanager');
INSERT INTO users_role(users_id, roles_role) VALUES (-2, 'user');
INSERT INTO users_role(users_id, roles_role) VALUES (-3, 'user');
INSERT INTO users_role(users_id, roles_role) VALUES (-3, 'contractmanager');
INSERT INTO users_role(users_id, roles_role) VALUES (-3, 'peimanager');
INSERT INTO users_role(users_id, roles_role) VALUES (-3, 'legislationmanager');
INSERT INTO users_role(users_id, roles_role) VALUES (-3, 'administrator');
INSERT INTO users_role(users_id, roles_role) VALUES (-10, 'user');
INSERT INTO users_role(users_id, roles_role) VALUES (-10, 'peimanager');
INSERT INTO users_role(users_id, roles_role) VALUES (-4, 'user');
INSERT INTO users_role(users_id, roles_role) VALUES (-5, 'user');
INSERT INTO users_role(users_id, roles_role) VALUES (-5, 'legislationmanager');
INSERT INTO users_role(users_id, roles_role) VALUES (-7, 'user');
INSERT INTO users_role(users_id, roles_role) VALUES (-7, 'clientcontractmanager');
INSERT INTO users_role(users_id, roles_role) VALUES (-8, 'user');
INSERT INTO users_role(users_id, roles_role) VALUES (-9, 'user');
INSERT INTO users_role(users_id, roles_role) VALUES (-9, 'userguest');

-- news
INSERT INTO news(id,title,creationdate,content,published,category_id) VALUES (-1,'Lorem ipsum dolor sit amet, consectetur','2009-03-10 15:45:50.710','Lorem ipsum dolor sit amet, consectetur adipiscing elit. Praesent id ante. Suspendisse ultricies elit et quam. Fusce gravida libero in nibh. Integer eleifend venenatis sem. Aliquam nisi. Sed fermentum sapien non nisi. Nunc at lectus. Nunc enim risus, consectetur eu, placerat non, rutrum sit amet, lectus. Donec adipiscing, ante sed posuere sodales, nulla velit condimentum enim, et fringilla nulla lectus sit amet tellus. Quisque dui. ',true,1);
INSERT INTO news(id,title,creationdate,content,published,category_id) VALUES (-2,'L2orem ipsum dolor sit amet, consectetur','2009-03-10 15:46:50.710','Lorem ipsum dolor sit amet, consectetur adipiscing elit. Praesent id ante. Suspendisse ultricies elit et quam. Fusce gravida libero in nibh. Integer eleifend venenatis sem. Aliquam nisi. Sed fermentum sapien non nisi. Nunc at lectus. Nunc enim risus, consectetur eu, placerat non, rutrum sit amet, lectus. Donec adipiscing, ante sed posuere sodales, nulla velit condimentum enim, et fringilla nulla lectus sit amet tellus. Quisque dui. ',true,1);
INSERT INTO news(id,title,creationdate,content,published,category_id) VALUES (-3,'L3orem ipsum dolor sit amet, consectetur','2009-03-10 15:47:50.710','Lorem ipsum dolor sit amet, consectetur adipiscing elit. Praesent id ante. Suspendisse ultricies elit et quam. Fusce gravida libero in nibh. Integer eleifend venenatis sem. Aliquam nisi. Sed fermentum sapien non nisi. Nunc at lectus. Nunc enim risus, consectetur eu, placerat non, rutrum sit amet, lectus. Donec adipiscing, ante sed posuere sodales, nulla velit condimentum enim, et fringilla nulla lectus sit amet tellus. Quisque dui. ',true,1);
INSERT INTO news(id,title,creationdate,content,published,category_id) VALUES (-4,'L4orem ipsum dolor sit amet, consectetur','2009-03-10 15:48:50.710','Lorem ipsum dolor sit amet, consectetur adipiscing elit. Praesent id ante. Suspendisse ultricies elit et quam. Fusce gravida libero in nibh. Integer eleifend venenatis sem. Aliquam nisi. Sed fermentum sapien non nisi. Nunc at lectus. Nunc enim risus, consectetur eu, placerat non, rutrum sit amet, lectus. Donec adipiscing, ante sed posuere sodales, nulla velit condimentum enim, et fringilla nulla lectus sit amet tellus. Quisque dui. ',true,1);
INSERT INTO news(id,title,creationdate,content,published,category_id) VALUES (-5,'L5orem ipsum dolor sit amet, consectetur','2009-03-10 15:49:50.710','Lorem ipsum dolor sit amet, consectetur adipiscing elit. Praesent id ante. Suspendisse ultricies elit et quam. Fusce gravida libero in nibh. Integer eleifend venenatis sem. Aliquam nisi. Sed fermentum sapien non nisi. Nunc at lectus. Nunc enim risus, consectetur eu, placerat non, rutrum sit amet, lectus. Donec adipiscing, ante sed posuere sodales, nulla velit condimentum enim, et fringilla nulla lectus sit amet tellus. Quisque dui. ',true,1);
INSERT INTO news(id,title,creationdate,content,published,category_id) VALUES (-6,'L6orem ipsum dolor sit amet, consectetur','2009-03-10 15:50:50.710','Lorem ipsum dolor sit amet, consectetur adipiscing elit. Praesent id ante. Suspendisse ultricies elit et quam. Fusce gravida libero in nibh. Integer eleifend venenatis sem. Aliquam nisi. Sed fermentum sapien non nisi. Nunc at lectus. Nunc enim risus, consectetur eu, placerat non, rutrum sit amet, lectus. Donec adipiscing, ante sed posuere sodales, nulla velit condimentum enim, et fringilla nulla lectus sit amet tellus. Quisque dui. ',true,1);
INSERT INTO news(id,title,creationdate,content,published,category_id) VALUES (-7,'L7orem ipsum dolor sit amet, consectetur','2009-03-10 15:51:50.710','Lorem ipsum dolor sit amet, consectetur adipiscing elit. Praesent id ante. Suspendisse ultricies elit et quam. Fusce gravida libero in nibh. Integer eleifend venenatis sem. Aliquam nisi. Sed fermentum sapien non nisi. Nunc at lectus. Nunc enim risus, consectetur eu, placerat non, rutrum sit amet, lectus. Donec adipiscing, ante sed posuere sodales, nulla velit condimentum enim, et fringilla nulla lectus sit amet tellus. Quisque dui. ',true,1);
INSERT INTO news(id,title,creationdate,content,published,category_id) VALUES (-8,'L8orem ipsum dolor sit amet, consectetur','2009-03-10 15:52:50.710','Lorem ipsum dolor sit amet, consectetur adipiscing elit. Praesent id ante. Suspendisse ultricies elit et quam. Fusce gravida libero in nibh. Integer eleifend venenatis sem. Aliquam nisi. Sed fermentum sapien non nisi. Nunc at lectus. Nunc enim risus, consectetur eu, placerat non, rutrum sit amet, lectus. Donec adipiscing, ante sed posuere sodales, nulla velit condimentum enim, et fringilla nulla lectus sit amet tellus. Quisque dui. ',true,2);
INSERT INTO news(id,title,creationdate,content,published,category_id) VALUES (-9,'L9orem ipsum dolor sit amet, consectetur','2009-03-10 15:54:50.710','Lorem ipsum dolor sit amet, consectetur adipiscing elit. Praesent id ante. Suspendisse ultricies elit et quam. Fusce gravida libero in nibh. Integer eleifend venenatis sem. Aliquam nisi. Sed fermentum sapien non nisi. Nunc at lectus. Nunc enim risus, consectetur eu, placerat non, rutrum sit amet, lectus. Donec adipiscing, ante sed posuere sodales, nulla velit condimentum enim, et fringilla nulla lectus sit amet tellus. Quisque dui. ',true,2);
INSERT INTO news(id,title,creationdate,content,published,category_id) VALUES (-10,'Lo10orem ipsum dolor sit amet, consectetur','2009-03-11 15:45:50.710','Lorem ipsum dolor sit amet, consectetur adipiscing elit. Praesent id ante. Suspendisse ultricies elit et quam. Fusce gravida libero in nibh. Integer eleifend venenatis sem. Aliquam nisi. Sed fermentum sapien non nisi. Nunc at lectus. Nunc enim risus, consectetur eu, placerat non, rutrum sit amet, lectus. Donec adipiscing, ante sed posuere sodales, nulla velit condimentum enim, et fringilla nulla lectus sit amet tellus. Quisque dui. ',true,2);
INSERT INTO news(id,title,creationdate,content,published,category_id) VALUES (-11,'Lo11orem ipsum dolor sit amet, consectetur','2009-03-12 15:45:50.710','Lorem ipsum dolor sit amet, consectetur adipiscing elit. Praesent id ante. Suspendisse ultricies elit et quam. Fusce gravida libero in nibh. Integer eleifend venenatis sem. Aliquam nisi. Sed fermentum sapien non nisi. Nunc at lectus. Nunc enim risus, consectetur eu, placerat non, rutrum sit amet, lectus. Donec adipiscing, ante sed posuere sodales, nulla velit condimentum enim, et fringilla nulla lectus sit amet tellus. Quisque dui. ',true,2);
INSERT INTO news(id,title,creationdate,content,published,category_id) VALUES (-12,'Lo12orem ipsum dolor sit amet, consectetur','2009-03-13 15:45:50.710','Lorem ipsum dolor sit amet, consectetur adipiscing elit. Praesent id ante. Suspendisse ultricies elit et quam. Fusce gravida libero in nibh. Integer eleifend venenatis sem. Aliquam nisi. Sed fermentum sapien non nisi. Nunc at lectus. Nunc enim risus, consectetur eu, placerat non, rutrum sit amet, lectus. Donec adipiscing, ante sed posuere sodales, nulla velit condimentum enim, et fringilla nulla lectus sit amet tellus. Quisque dui. ',true,2);
INSERT INTO news(id,title,creationdate,content,published,category_id) VALUES (-13,'Lo13orem ipsum dolor sit amet, consectetur','2009-03-14 15:45:50.710','Lorem ipsum dolor sit amet, consectetur adipiscing elit. Praesent id ante. Suspendisse ultricies elit et quam. Fusce gravida libero in nibh. Integer eleifend venenatis sem. Aliquam nisi. Sed fermentum sapien non nisi. Nunc at lectus. Nunc enim risus, consectetur eu, placerat non, rutrum sit amet, lectus. Donec adipiscing, ante sed posuere sodales, nulla velit condimentum enim, et fringilla nulla lectus sit amet tellus. Quisque dui. ',true,2);
INSERT INTO news(id,title,creationdate,content,published,category_id) VALUES (-14,'Lo14orem ipsum dolor sit amet, consectetur','2009-03-15 15:45:50.710','Lorem ipsum dolor sit amet, consectetur adipiscing elit. Praesent id ante. Suspendisse ultricies elit et quam. Fusce gravida libero in nibh. Integer eleifend venenatis sem. Aliquam nisi. Sed fermentum sapien non nisi. Nunc at lectus. Nunc enim risus, consectetur eu, placerat non, rutrum sit amet, lectus. Donec adipiscing, ante sed posuere sodales, nulla velit condimentum enim, et fringilla nulla lectus sit amet tellus. Quisque dui. ',true,2);

--FAQs
INSERT INTO faqcategory("name", module_id) VALUES ('Lorem ipsum dolor sit amet', 1);
INSERT INTO faqcategory("name", module_id) VALUES ('consectetur adipiscing elit', 1);
INSERT INTO faqcategory("name", module_id) VALUES ('Maecenas scelerisque pulvinar nisl', 1);
INSERT INTO faqcategory("name", module_id) VALUES ('Phasellus pharetra. Nunc a dui', 1);

INSERT INTO faq(question, answer, changeddate, faqcategory_id) VALUES ('Lorem ipsum dolor sit amet, consectetur adipiscing elit', 'Cum sociis natoque penatibus et magnis dis parturient montes, nascetur ridiculus mus. Morbi malesuada justo et neque. Duis sagittis purus et diam. Mauris pharetra, augue ut mollis aliquam, dui purus fermentum est, a iaculis mi ipsum ac mauris. In id nisl. Vivamus accumsan ullamcorper elit. Phasellus nunc dui, consectetur eget, eleifend ac, sollicitudin a, ante. Nam velit. Phasellus tortor libero, scelerisque vitae, lobortis sit amet, i', '2009-03-14 15:45:50.710', 1);
INSERT INTO faq(question, answer, changeddate, faqcategory_id) VALUES ('Duis sit amet dolor eget est dapibus interdum. Morbi consequat tellus eg', 'gula. Nam odio. Mauris sit amet urna. Phasellus sed tellus. In consectetur, urna id consequat tincidunt, lectus nisi sollicitudin sapien, vitae placerat ipsum dolor ut diam. Vivamus pellentesque, est et egestas porttitor, ante enim euismod ligula, id ultricies odio nulla non nunc. Mauris nunc purus, faucibus pellentesque, dictum gravida, pellentesque a, dolor. Quisque hendrerit erat at arcu. Aliquam facilisis neque ut ', '2009-03-14 15:46:50.710', 1);
INSERT INTO faq(question, answer, changeddate, faqcategory_id) VALUES ('Vestibulum ante ipsum primis in faucibus orci luctus et ultrices posuere cubilia Curae; Du', 'Fusce tristique turpis pulvinar tortor. In eget risus. In accumsan est eget lacus. Nulla facilisi. Phasellus in urna eget tortor sollicitudin suscipit. Nullam semper. Quisque gravida. Curabitur lacus. Curabitur imperdiet massa. Nam eget diam at lorem tempor dignissim. Praesent facilisis nibh sit amet nibh.', '2009-03-14 15:47:50.710', 1);
INSERT INTO faq(question, answer, changeddate, faqcategory_id) VALUES ('aucibus orci luctus et ultrices posuere cubilia Curae; Mauris in nulla et leo commodo tempus. Sed ut tortor tincidunt fel', 'ibulum augue nibh, condimentum ut, aliquam ornare, facilisis eget, neque. Suspendisse euismod. Ut ligula dolor, adipiscing vel, varius non, mollis non, enim. Lorem ipsum dolor sit amet, consectetur adipiscing elit. Pellentesque sagittis, lacus sit amet accumsan convallis, diam magna tristique purus, id dictum magna lectus non lorem. Suspendisse felis ipsum, ultrices eget, malesuada eu, rhoncus condimentu', '2009-03-14 15:48:50.710', 1);

INSERT INTO faq(question, answer, changeddate, faqcategory_id) VALUES ('s eros. Sed lacinia, lorem a dapibus porta, mi nulla gravida mauris, quis vulputate est nibh vitae elit. Vestibulum accumsan felis ac augue. Nulla ultricies orci at nibh. Etiam eu do', 'am congue elit sed ipsum. In consequat justo et erat. Etiam porttitor ante vel urna. Cras vitae felis a sem dictum scelerisque. Duis convallis. Ut vitae velit. Class aptent taciti sociosqu ad litora torquent per conubia nostra, per inceptos himenaeos. Vivamus feugiat est nec sem. Donec pulvinar, velit et auctor hendrerit, lectus diam iaculis velit, sit amet mattis quam mauris pulvinar lectus. Proin molestie fermentu', '2009-03-14 15:49:50.710', 1);
INSERT INTO faq(question, answer, changeddate, faqcategory_id) VALUES ('an at ante sed lorem eleifend consequat. Praesent mollis convallis magna. Pellentesque venenatis lectus vitae neque. Cras tristique. Vestibulum dolor dolor, mollis quis, interd', 'culis sapien. Quisque rutrum, sem quis lobortis placerat, quam arcu vestibulum nisi, sit amet venenatis elit elit quis felis. Donec laoreet. Sed ornare metus sed lorem.', '2009-03-14 15:50:50.710', 1);
INSERT INTO faq(question, answer, changeddate, faqcategory_id) VALUES ('ac augue. Nulla ultricies orci at nibh. Etiam eu dolor id lacus dignissim ullamcorper. Ut mi. Vivamus mattis dignissim libero. Donec tempor, massa a pulvinar dignissim, n', 'n gravida tortor eget velit. Morbi porttitor est sit amet nunc. Praesent consequat enim vel lectus. Nullam magna. Fusce sit amet purus non tortor lobortis convallis. Cum sociis natoque penatibus et magnis dis parturient montes, nascetur ridiculus mus. Vestibulum nec tellus id quam gravida dapibus. Aenean eget orci sit amet augue ornare accumsan. Cras faucibus, arcu sed interdum adipiscing, nunc leo condimentum ante, ut ornare dui leo vestibulum tellus. Donec id dui. Nulla vitae ', '2009-03-14 15:51:50.710', 1);

INSERT INTO faq(question, answer, changeddate, faqcategory_id) VALUES ('bortis est sed urna. Ut blandit, libero eget tempus elementum, magna leo vehicula risus, at sagittis velit nibh a tortor. Nam adipiscing, ligula eget interd', 'Etiam sit amet justo ut sem sodales feugiat. Fusce rutrum, odio sed bibendum adipiscing, turpis nulla ullamcorper sem, eu pharetra mauris diam id orci. Quisque eu est rhoncus justo dapibus molestie. Phasellus orci nisl, dignissim id, consequat quis, vehicula eu, risus. Praesent pulvinar. Ut interdum cursus lorem. Curabitur et magna in purus tincidunt vestibulum. Curabitur tincidunt, lectus vitae rhoncus fringilla, magna nulla scelerisque neque, interdum vehicula sem lectus ac risus. Etiam vel risus. Vivamus non lectus. Curabitur semper risus ac diam sagittis interdum. Vivamus molestie vulputate erat. Nunc placerat hendrerit urna. Vestibulum ante ipsum primis in faucibus orci luctus et ultrices posuere cubilia Curae; Praesent accu', '2009-03-14 16:45:50.710', 2);
INSERT INTO faq(question, answer, changeddate, faqcategory_id) VALUES ('adipiscing elit. Quisque eget erat. Morbi ut erat fermentum nisl accumsan viverra. Vivamus magna metus, rutrum id, pulvinar non, dignissim id, sem. Aenean euismod nunc sit amet neque commodo sollicitudin. Suspendisse tempor metus a magna. Praesent vitae justo ac orci elementum', 'am sollicitudin enim malesuada velit. Praesent eu leo ac est porttitor adipiscing. Maecenas tempor dictum sapien. Duis tempus nunc congue nunc. Vivamus id tellus non mauris porttitor venenatis. Pellentesque venenatis viverra dui. Donec mollis, massa eu ullamcorper sodales, justo odio porta sem, in luctus diam turpis id arcu. Maecenas id augue. Fusce nunc. Sed nec erat quis arcu sagittis pulvinar. Quisque vestibulum lacus vel tortor. Vestibulum interdum ullamcorp', '2009-03-14 16:46:50.710', 2);
INSERT INTO faq(question, answer, changeddate, faqcategory_id) VALUES ('bortis est sed urna. Ut blandit, libero eget tempus elementum, magna leo vehicula risus, at sagittis velit nibh a tortor. Nam adipiscing, ligula eget interdum adipiscing, augue purus dapibus tortor, sed vulputate dolor sapien ac massa. Cum sociis natoque penatibus et magnis dis part', 'ulum mi. Mauris imperdiet elit eu tortor. Suspendisse nisi. Quisque arcu dolor, dictum ut, feugiat et, fringilla vitae, orci. Nulla suscipit. Vivamus porttitor suscipit lectus. Curabitur interdum. Vestibulum vitae risus. Ut sed arcu. Nullam ligula diam, pulvinar pharetra, ultricies vitae, rutrum eu, augue. Fusce lacus orci, dapibus luctus, condimentum laoreet, volutpat a, dolor. Class aptent taciti sociosqu ad litora torquent per conubia nostra, per inceptos himenaeos. ', '2009-03-14 16:47:50.710', 2);
INSERT INTO faq(question, answer, changeddate, faqcategory_id) VALUES ('pulvinar non, dignissim id, sem. Aenean euismod nunc sit amet neque co', 'Cum sociis natoque penatibus et magnis dis parturient montes, nascetur ridiculus mus. Vestibulum eget justo condimentum nunc auctor ac', '2009-03-14 16:48:50.710', 2);
INSERT INTO faq(question, answer, changeddate, faqcategory_id) VALUES ('cing, ligula eget interdum adipiscing, augue purus dapibus tortor, sed vulputate dolor sapien ac massa. Cum sociis natoque penatibus et magnis dis p', 'hasellus sed erat. Aenean ultricies vehicula dui. Sed facilisis. Nam faucibus dolor quis libero. Nulla facilisis dictum dui. Vivamus et turpis eget leo egestas dignissim. Maecenas eu l', '2009-03-14 16:49:50.710', 2);
INSERT INTO faq(question, answer, changeddate, faqcategory_id) VALUES ('ellentesque enim nec lacus. Quisque urna ligula, bibendum non, semper in, tempor sit amet, est. Suspendisse in nunc. Donec euismod. Vestibulum dignissim, ligula a', 'Mauris porta lobortis lorem. Maecenas nisl. Cras eleifend sapien in felis. Curabitur ullamcorper, libero et blandit sollicitudin, quam libero feugiat orci, sodales blandit eros turpis nec odio. Curabitur eu velit eu tellus condimentum vehicula. Sed tortor metus, dictum ac, pulvinar eget, viverra vitae, elit. In dolor. Sed ligula elit, tempus quis, sagittis in, accumsan in, felis. Duis faucibus, est ac aliquam pellentesque, purus erat rutrum elit, id ultrices tortor sem vel i', '2009-03-14 16:50:50.710', 2);
INSERT INTO faq(question, answer, changeddate, faqcategory_id) VALUES ('ur adipiscing elit. Phasellus libero lacus, condimentum ac, ullamcorper eleifend, vehicula viver', 'ullam lacinia porta odio. Proin interdum, tellus vel pulvinar malesuada, quam quam sodales sem, sed mollis tellus elit id odio. Donec vitae purus. Nullam eu metus. Phasellus sit a', '2009-03-14 16:51:50.710', 2);

INSERT INTO faq(question, answer, changeddate, faqcategory_id) VALUES ('elit a magna. Duis dolor eros, vulputate sed, dignissim vitae, euismod et, quam. Ut a turpis sed nibh mattis porttitor. Nulla libero ipsum, rutrum et, congue at, molestie in, odio. Suspendisse id la', 'roin laoreet fringilla lorem. Phasellus mattis. Sed nunc. Nulla ultrices. Nulla eu urna vitae magna eleifend commodo. Etiam blandit venenatis mauris. Nunc ut mi eget ipsum sodales convallis. Aenean pretium neque et nulla gravida cursus. Ut tellus. Curabitur feugiat porta arcu. Sed euismod. Sed est velit, accum', '2009-03-14 17:45:50.710', 3);
INSERT INTO faq(question, answer, changeddate, faqcategory_id) VALUES ('ugue a sem. Nulla eu neque. Cras nulla. In mi. Mauris im', 'odio at est blandit rhoncus. Aliquam volutpat. Morbi aliquam sem eget libero. Nullam sed justo id sem ornare tristique. Sed tincidunt orci at sapien. Curabitur vestibulum, velit non commodo placerat, mi ipsum scelerisque libero, vel elementum sem nibh gravida nisl. In tempor lorem auctor leo. Suspendisse luctus. Etiam dictum sapien ac dolor. Nullam ipsum nisl, vulputate id, sollicitudin in, euismod ut, risus. Nulla accumsan aliquam nisi. Aliquam erat volutpat.', '2009-03-14 17:46:50.710', 3);
INSERT INTO faq(question, answer, changeddate, faqcategory_id) VALUES ('nt dolor ut sapien. Vestibulum sit amet purus et nisl posuere sollicitudin. Curabitur nec est a lectus porttitor gravida. Aliquam nulla mi, eleifend sit amet, placerat q', 'et, interdum ac, dui. Vestibulum sagittis mauris nec metus. Vestibulum dui justo, pellentesque ut, tincidunt sed, blandit in, nulla. Sed aliquet mattis tellus. Fusce vestibulum velit eu libero. Sed ornare, tortor at ultricies ornare, lacus massa euismod mi, sit amet egestas magna libero vel felis. Proin ornare. Praesent mattis, magna rutrum condimentum lobortis, risus libero consequat lectus, eu dignissim magna felis id elit. Nullam molestie. Duis eget nibh. M', '2009-03-14 17:47:50.710', 3);

INSERT INTO faq(question, answer, changeddate, faqcategory_id) VALUES ('e non leo condimentum commodo. In nisl nunc, accumsan ut, porttitor ac, interdum sed, sem. Ut vestibulum scelerisque augue. Donec dolor enim, mollis eu, facilisis volutpat, cursus in, nisi. Phasellus id nunc et massa fringilla suscipit. Aenean hendrerit tortor in nunc varius tempor. Donec eu enim. Sed ac velit. Pellent', 'Mauris varius mauris ut ante. Proin laoreet rutrum dolor. Nullam ullamcorper rhoncus nibh. Fusce leo orci, suscipit non, commodo sit amet, rutrum et, libero. Vestibulum suscipit ornare lacus. Fusce massa enim, gravida tincidunt, tempor at, iaculis non, lectus. Mauris lorem. Morbi eget nisi quis sapien adipiscing dapibus. Nulla id lectus. Morbi at elit. Nam nec erat. Proin elementum malesuada magna. Suspendisse rutrum dui vel magna. Ut fringilla tortor eu sapien. Quisque et nibh vitae nulla suscipit iaculis. Cras malesuada lorem ut ligula. Nam et nisi at leo pellentesque posuere.', '2009-03-14 16:45:50.710', 4);
INSERT INTO faq(question, answer, changeddate, faqcategory_id) VALUES ('sce rutrum, velit non commodo malesuada, libero orci pulvinar nunc, nec iaculis tellus massa id magna. Nunc odio nunc, dapibus eget, vulputate ac, tristique s', 'etus. Nunc varius, turpis in fringilla molestie, metus erat ultrices augue, consectetur malesuada ligula diam eget ipsum. Mauris vel risus et metus sollicitudin placerat. Vivamus scelerisque metus eget libero. Suspendisse volutpat. Sed ultrices, ante eu vestibulum imperdiet, purus erat auctor lorem, eget dignissim', '2009-03-14 16:46:50.710', 4);
INSERT INTO faq(question, answer, changeddate, faqcategory_id) VALUES ('ncus est. In sit amet neque a velit lobortis vehicula. Praesent augue. In ege', 'Proin a erat ut augue consectetur porttitor. Sed massa risus, consectetur quis, tristique id, malesuada eget, quam. Sed nec massa. Maecenas eget sapien nec tellus gravida elementum. Lorem ipsum dolor sit amet, consectetur adipiscing elit. Nulla lacinia mauris nec purus. Duis et arcu at quam molestie con', '2009-03-14 16:47:50.710', 4);
INSERT INTO faq(question, answer, changeddate, faqcategory_id) VALUES ('um dolor sit amet, consectetur adipiscing elit. Ut sapien nisl, interdum et, varius at, fringilla sed, est. Cum sociis n', 'Nulla facilisi. Nunc posuere, dolor in blandit mattis, erat eros ultricies quam, nec accumsan enim lorem vitae dolor. Suspendisse viverra lectus nec sapien. Pellentesque vitae sem. Integer pulvinar facilisis tortor. Nam et justo eget leo malesuada auctor. Nunc dictum ornare sem. Aenean interdum faucibus leo. ', '2009-03-14 16:48:50.710', 4);
INSERT INTO faq(question, answer, changeddate, faqcategory_id) VALUES ('is natoque penatibus et magnis dis parturient montes, nascetur ridiculus mus. P', 'n posuere convallis purus. Aliquam erat volutpat. Vestibulum turpis. Nunc condimentum mollis tortor. Nullam turpis orci, consectetur vitae, lobortis non, ullamcorper a, felis. Sed ut quam quis orci varius sodales. Class aptent taciti sociosqu ad litora torquent per conubia nostra, per inceptos himenaeos. Vestibulum dui. Donec auctor leo eget nibh. Duis nisl dolor, tempus eget, tristique non, hendrerit a, velit. Nam tempor. Nunc rhoncus ligula ', '2009-03-14 16:49:50.710', 4);
INSERT INTO faq(question, answer, changeddate, faqcategory_id) VALUES ('eo vel augue lacinia volutpat. Fusce ligula lorem, venenatis vel, vulputate ac, fermentum quis, dia', 'empor nulla id eros. Sed aliquam turpis sed sapien. Morbi condimentum, ante eu faucibus bibendum, est tellus posuere est, vel facilisis nunc nulla vel orci. Phasellus sit amet magna. Sed dui enim, pretium non, egestas ac, hendrerit non, urna. Pellentesque nisl lacus, sagittis ut, gravida sit amet, interdum in, magna. Nullam ac est. Etiam rutrum commodo ante. Class aptent taciti sociosqu ad litora torquent per conubia nostra, per inceptos himenaeos. In tortor quam, egestas vel, dignissim in, sollicitudin non, enim. Mauris condimentum. Duis non metus nec felis volutpat tempor. Proin eget ante. Sed erat justo, euism', '2009-03-14 16:50:50.710', 4);
INSERT INTO faq(question, answer, changeddate, faqcategory_id) VALUES ('t vitae sem nec velit mattis placerat. Etiam at elit. Nullam lobortis,', ' egestas, velit condimentum tempor rhoncus, nisi odio condimentum mauris, nec molestie ligula sem ac leo. Lorem ipsum dolor sit amet, consectetur adipiscing elit. Sed urna augue, ultrices eu, lacinia id, hendrerit in, lorem. Phasellus eros dui, gravida sit amet, iaculis in, vestibulum ut, enim. In hac habitas', '2009-03-14 16:51:50.710', 4);

--Legal Document

-- INSERT INTO legaldocument(customtitle, "number", publicationdate, keywords, summary, customabstract, transitoryprovisions, creationdate, statechangeddate,
--         sendnotification, published, documentstate_id, documenttype_id, changedby_id, year)
-- VALUES ('Etiam at elit. Nullam lobortis', 1, now(), 'Etiam at elit. Nullam lobortis', 't vitae sem nec velit mattis placerat. Etiam at elit. Nullam lobortis',
--        't vitae sem nec velit mattis placerat. Etiam at elit. Nullam lobortis',  'something',  now(), now(),  true, true, 1, 1, 1, '2009');
-- INSERT INTO legaldocument(customtitle, "number", publicationdate, keywords, summary, customabstract, transitoryprovisions, creationdate, statechangeddate,
--         sendnotification, published, documentstate_id, documenttype_id, changedby_id, year)
-- VALUES ('Etiam at elit. Nullam lobortis', 2, now(), 'Etiam at elit. Nullam lobortis', 't vitae sem nec velit mattis placerat. Etiam at elit. Nullam lobortis',
--        't vitae sem nec velit mattis placerat. Etiam at elit. Nullam lobortis',  'something',  now(), now(),  true, true, 2, 2, 1, '2009');
-- INSERT INTO legaldocument( customtitle, "number", publicationdate, keywords, summary, customabstract, transitoryprovisions,  creationdate, statechangeddate,
--         sendnotification, published, documentstate_id, documenttype_id, changedby_id, year)
-- VALUES ('Etiam at elit. Nullam lobortis', 1, now(), 'Etiam at elit. Nullam lobortis', 't vitae sem nec velit mattis placerat. Etiam at elit. Nullam lobortis',
--        't vitae sem nec velit mattis placerat. Etiam at elit. Nullam lobortis',  'something', now(), now(),  true, true, 3, 3, 1, '2009');

-- INSERT INTO legaldocument_legaldocumentcategory(legaldocumentcategories_id, legaldocuments_id) VALUES (1, 1);
-- INSERT INTO legaldocument_legaldocumentcategory(legaldocumentcategories_id, legaldocuments_id) VALUES (1, 2);
-- INSERT INTO legaldocument_legaldocumentcategory(legaldocumentcategories_id, legaldocuments_id) VALUES (1, 3);
-- INSERT INTO legaldocument_legaldocumentcategory(legaldocumentcategories_id, legaldocuments_id) VALUES (2, 2);
-- INSERT INTO legaldocument_legaldocumentcategory(legaldocumentcategories_id, legaldocuments_id) VALUES (2, 3);
-- INSERT INTO legaldocument_legaldocumentcategory(legaldocumentcategories_id, legaldocuments_id) VALUES (3, 3);
-- INSERT INTO legaldocument_legaldocumentcategory(legaldocumentcategories_id, legaldocuments_id) VALUES (4, 1);
-- INSERT INTO legaldocument_legaldocumentcategory(legaldocumentcategories_id, legaldocuments_id) VALUES (5, 3);

-- UPDATE legaldocumentcategory SET allassociateddocumentscounter = 3 WHERE id=1;
-- UPDATE legaldocumentcategory SET activeassociateddocumentscounter = 3 WHERE id=1;
-- UPDATE legaldocumentcategory SET allassociateddocumentscounter = 2 WHERE id=2;
-- UPDATE legaldocumentcategory SET activeassociateddocumentscounter = 2 WHERE id=2;
-- UPDATE legaldocumentcategory SET allassociateddocumentscounter = 1 WHERE id=3;
-- UPDATE legaldocumentcategory SET activeassociateddocumentscounter = 1 WHERE id=3;
-- UPDATE legaldocumentcategory SET allassociateddocumentscounter = 1 WHERE id=4;
-- UPDATE legaldocumentcategory SET activeassociateddocumentscounter = 1 WHERE id=4;
-- UPDATE legaldocumentcategory SET allassociateddocumentscounter = 1 WHERE id=5;
-- UPDATE legaldocumentcategory SET activeassociateddocumentscounter = 1 WHERE id=5;

-- INSERT INTO users_legaldocumentcategory(users_id, subscriptionslegaldocuments_id) VALUES (-2, 1);
-- INSERT INTO users_legaldocumentcategory(users_id, subscriptionslegaldocuments_id) VALUES (-2, 2);
-- INSERT INTO users_legaldocumentcategory(users_id, subscriptionslegaldocuments_id) VALUES (-2, 3);
-- INSERT INTO users_legaldocumentcategory(users_id, subscriptionslegaldocuments_id) VALUES (-2, 4);
-- INSERT INTO users_legaldocumentcategory(users_id, subscriptionslegaldocuments_id) VALUES (-2, 5);

--Legal Document statistics
-- INSERT INTO legaldocumentstatistics(idreporttype, date, "text", "documentid") VALUES (1, 'VISUALIZATION', now(), 'Etiam at elit. Nullam lobortis', 1);
-- INSERT INTO legaldocumentstatistics(id, reporttype, date, "text", "documentid") VALUES (2, 'VISUALIZATION', now(), 'Etiam at elit. Nullam lobortis', 1);
-- INSERT INTO legaldocumentstatistics(id, reporttype, date, "text", "documentid") VALUES (3, 'VISUALIZATION', now(), 'Etiam at elit. Nullam lobortis', 1);
-- INSERT INTO legaldocumentstatistics(id, reporttype, date, "text", "documentid") VALUES (4, 'VISUALIZATION', now(), 'Etiam at elit. Nullam lobortis', 1);
-- INSERT INTO legaldocumentstatistics(id, reporttype, date, "text", "documentid") VALUES (5, 'VISUALIZATION', now(), 'Etiam at elit.', 1);
-- INSERT INTO legaldocumentstatistics(id, reporttype, date, "text", "documentid") VALUES (6, 'DOWNLOAD', now(), 'Etiam at elit. Nullam lobortis', 1);
-- INSERT INTO legaldocumentstatistics(id, reporttype, date, "text", "documentid") VALUES (7, 'DOWNLOAD', now(), 'Etiam at elit. Nullam lobortis', 1);
-- INSERT INTO legaldocumentstatistics(id, reporttype, date, "text", "documentid") VALUES (8, 'DOWNLOAD', now(), 'Nullam lobortis', 1);
-- INSERT INTO legaldocumentstatistics(id, reporttype, date, "text", "documentid") VALUES (9, 'DOWNLOAD', now(), 'Nullam lobortis', 1);
-- INSERT INTO legaldocumentstatistics(id, reporttype, date, "text", "documentid") VALUES (10, 'DOWNLOAD', now(), 'Etiam at elit.', 1);
-- INSERT INTO legaldocumentstatistics(id, reporttype, date, "text") VALUES (11, 'SEARCH_TERM', now(), 'Etiam.');
-- INSERT INTO legaldocumentstatistics(id, reporttype, date, "text") VALUES (12, 'SEARCH_TERM', now(), 'Etiam.');
-- INSERT INTO legaldocumentstatistics(id, reporttype, date, "text") VALUES (13, 'SEARCH_TERM', now(), 'at elit.');
-- INSERT INTO legaldocumentstatistics(id, reporttype, date, "text") VALUES (14, 'SEARCH_TERM', now(), 'Etiam at elit.');
-- INSERT INTO legaldocumentstatistics(id, reporttype, date, "text") VALUES (15, 'SEARCH_TERM', now(), 'elit.');


--Contract
INSERT INTO contract (id, number, contractdesignation, licenses, validitystartdate, validityenddate, value, contractdesignationmaintenance, valuemaintenance, contractfile, contactname, contactposition, contactemail, contactphone, active, deleted, company_id, module_id, firstinactivitymessageterm, secondinactivitymessageterm, deleteuserterm) VALUES (-1, '123456', 'Lorem ipsum dolor sit amet, consectetur adipiscing elit. Vestibulum pharetra justo in nisl. Sed massa. Proin interdum, quam a sodales adipiscing, ipsum lectus congue mi, eget sagittis nisl erat eget magna. Vivamus sit amet nulla. Phasellus dictum urna qui', 20, '2009-03-01 00:00:00', '2009-03-24 00:00:00', NULL, NULL, NULL, NULL, 'Marques José', NULL, NULL, NULL, true, false, 1, 1, 0, 0, 0);
INSERT INTO contract (id, number, contractdesignation, licenses, validitystartdate, validityenddate, value, contractdesignationmaintenance, valuemaintenance, contractfile, contactname, contactposition, contactemail, contactphone, active, deleted, company_id, module_id, firstinactivitymessageterm, secondinactivitymessageterm, deleteuserterm) VALUES (-2, '5000/2008', 'Lorem ipsum dolor sit amet, consectetur adipiscing elit. Vestibulum pharetra justo in nisl. Sed massa. Proin interdum, quam a sodales adipiscing, ipsum lectus congue mi, eget sagittis nisl erat eget magna.', 1000, '2009-03-03 00:00:00', '2009-03-31 00:00:00', 1500, 'Lorem ipsum dolor sit amet, consectetur .', 500, NULL, 'António Marques', 'Engº Sénior', 'antonio@marques.cm', '2398754000', true, false, 1, 1, 0, 0, 0);